FIPS,DeathAssault,DeathSuicide
1001,42,152
1003,120,545
1005,40,51
1007,34,65
1009,54,161
1011,22,13
1013,49,49
1015,217,325
1017,53,86
1019,22,92
1021,42,117
1023,27,25
1025,37,52
1027,11,34
1029,26,55
1031,26,114
1033,51,149
1035,28,41
1037,18,40
1039,34,83
1041,25,34
1043,38,215
1045,49,115
1047,164,68
1049,49,163
1051,86,179
1053,63,82
1055,137,282
1057,16,59
1059,21,81
1061,35,79
1063,26,20
1065,34,24
1067,24,44
1069,94,195
1071,45,169
1073,1990,1493
1075,Suppressed,37
1077,84,214
1079,36,103
1081,184,238
1083,66,175
1085,51,13
1087,92,31
1089,330,731
1091,32,26
1093,25,88
1095,53,242
1097,1040,963
1099,43,49
1101,642,416
1103,110,338
1105,24,13
1107,17,40
1109,46,82
1111,35,73
1113,123,134
1115,62,230
1117,110,409
1119,29,12
1121,135,194
1123,62,99
1125,265,364
1127,82,245
1129,27,41
1131,34,17
1133,26,64
2013,Suppressed,Suppressed
2016,Suppressed,15
2020,335,895
2050,39,132
2060,Suppressed,10
2068,Suppressed,Suppressed
2070,Suppressed,23
2090,92,286
2100,Suppressed,Suppressed
2105,Suppressed,Suppressed
2110,12,89
2122,32,231
2130,10,44
2150,Suppressed,34
2164,Suppressed,Suppressed
2170,82,298
2180,15,120
2185,11,55
2188,11,85
2195,Suppressed,Suppressed
2198,Suppressed,Suppressed
2201,Suppressed,17
2220,Suppressed,33
2230,Suppressed,Suppressed
2232,Suppressed,Suppressed
2240,Suppressed,24
2261,Suppressed,44
2270,26,126
2275,Suppressed,Suppressed
2280,Suppressed,11
2282,Suppressed,Suppressed
2290,26,67
4001,177,340
4003,114,478
4005,149,455
4007,84,232
4009,33,105
4011,Suppressed,23
4012,26,89
4013,4994,9667
4015,230,1037
4017,203,466
4019,1290,2940
4021,337,864
4023,30,71
4025,145,1102
4027,139,361
5001,33,57
5003,28,54
5005,18,192
5007,85,512
5009,35,121
5011,18,22
5013,Suppressed,17
5015,17,91
5017,36,20
5019,24,48
5021,Suppressed,41
5023,16,78
5025,Suppressed,32
5027,34,73
5029,25,62
5031,84,232
5033,45,170
5035,137,104
5037,23,51
5039,16,14
5041,41,26
5043,28,40
5045,75,242
5047,Suppressed,57
5049,13,51
5051,145,414
5053,10,48
5055,32,146
5057,30,36
5059,35,112
5061,14,34
5063,32,109
5065,Suppressed,48
5067,24,52
5069,268,149
5071,15,75
5073,18,26
5075,10,44
5077,38,24
5079,26,23
5081,10,47
5083,22,81
5085,53,163
5087,Suppressed,49
5089,Suppressed,72
5091,54,109
5093,128,112
5095,15,22
5097,Suppressed,38
5099,13,31
5101,10,31
5103,51,58
5105,Suppressed,49
5107,108,42
5109,Suppressed,28
5111,29,77
5113,13,72
5115,38,137
5117,10,20
5119,1020,955
5121,11,55
5123,67,52
5125,69,258
5127,13,39
5129,Suppressed,30
5131,115,321
5133,22,62
5135,Suppressed,71
5137,14,47
5139,87,119
5141,11,55
5143,92,445
5145,53,188
5147,10,26
5149,24,61
6001,2293,2327
6003,Suppressed,Suppressed
6005,21,163
6007,145,687
6009,29,178
6011,16,50
6013,1369,1857
6015,33,92
6017,72,513
6019,1175,1425
6021,14,76
6023,137,549
6025,90,205
6027,Suppressed,71
6029,1154,1575
6031,118,216
6033,79,282
6035,33,120
6037,14736,13564
6039,149,285
6041,75,650
6043,Suppressed,80
6045,88,333
6047,343,400
6049,10,36
6051,Suppressed,24
6053,646,659
6055,39,251
6057,40,328
6059,1316,4827
6061,95,736
6063,12,85
6065,1753,3678
6067,1579,3078
6069,37,69
6071,2535,3459
6073,1833,6307
6075,975,1663
6077,1032,1118
6079,98,734
6081,389,1103
6083,189,801
6085,822,2517
6087,159,639
6089,146,689
6091,Suppressed,14
6093,36,199
6095,539,800
6097,198,1077
6099,533,908
6101,79,211
6103,47,195
6105,20,73
6107,623,687
6109,24,210
6111,483,1528
6113,67,325
6115,62,197
8001,374,1226
8003,14,65
8005,414,1607
8007,Suppressed,55
8009,Suppressed,19
8011,Suppressed,17
8013,67,873
8014,18,137
8015,Suppressed,73
8017,Suppressed,Suppressed
8019,Suppressed,42
8021,Suppressed,34
8023,Suppressed,17
8025,Suppressed,13
8027,Suppressed,20
8029,16,125
8031,824,1696
8033,Suppressed,12
8035,60,600
8037,11,99
8039,Suppressed,75
8041,509,2083
8043,44,240
8045,25,179
8047,Suppressed,21
8049,Suppressed,54
8051,Suppressed,52
8053,Suppressed,Suppressed
8055,Suppressed,42
8057,Suppressed,Suppressed
8059,209,1738
8061,Suppressed,Suppressed
8063,Suppressed,23
8065,Suppressed,32
8067,28,165
8069,81,900
8071,22,65
8073,Suppressed,17
8075,15,63
8077,92,597
8079,Suppressed,Suppressed
8081,Suppressed,72
8083,35,138
8085,22,140
8087,17,71
8089,12,55
8091,Suppressed,13
8093,14,86
8095,Suppressed,10
8097,Suppressed,55
8099,Suppressed,38
8101,166,568
8103,Suppressed,33
8105,11,36
8107,10,87
8109,Suppressed,29
8111,Suppressed,Suppressed
8113,Suppressed,18
8115,Suppressed,19
8117,Suppressed,75
8119,Suppressed,117
8121,Suppressed,Suppressed
8123,107,622
8125,Suppressed,19
9001,520,1204
9003,669,1422
9005,41,389
9007,44,297
9009,594,1395
9011,115,524
9013,26,266
9015,33,250
10001,107,331
10003,652,1076
10005,87,438
11001,2661,641
12001,184,541
12003,26,60
12005,177,566
12007,28,72
12009,471,1871
12011,1579,4009
12013,13,37
12015,68,519
12017,101,547
12019,142,509
12021,185,705
12023,79,176
12027,33,96
12029,29,61
12031,1908,2250
12033,367,815
12035,41,245
12037,Suppressed,30
12039,78,94
12041,21,54
12043,16,41
12045,10,52
12047,22,29
12049,24,57
12051,77,70
12053,94,556
12055,89,335
12057,1199,2783
12059,15,65
12061,96,381
12063,67,117
12065,11,30
12067,Suppressed,19
12069,194,764
12071,654,1769
12073,204,501
12075,29,152
12077,Suppressed,12
12079,24,44
12081,336,935
12083,304,1041
12085,84,466
12086,3919,4080
12087,54,340
12089,67,229
12091,111,581
12093,42,128
12095,1486,2036
12097,195,502
12099,1455,3322
12101,327,1489
12103,830,3152
12105,542,1357
12107,102,253
12109,100,520
12111,272,709
12113,80,444
12115,231,1230
12117,285,931
12119,41,202
12121,36,122
12123,30,64
12125,16,48
12127,413,1757
12129,26,82
12131,31,184
12133,37,74
13001,20,39
13003,11,14
13005,17,24
13007,Suppressed,Suppressed
13009,61,99
13011,Suppressed,50
13013,54,179
13015,77,258
13017,35,25
13019,10,48
13021,381,307
13023,13,41
13025,16,37
13027,19,37
13029,28,71
13031,45,128
13033,44,53
13035,29,51
13037,16,Suppressed
13039,42,111
13043,20,25
13045,91,261
13047,32,135
13049,14,26
13051,635,548
13053,Suppressed,24
13055,20,61
13057,73,428
13059,102,225
13061,Suppressed,Suppressed
13063,552,364
13065,10,12
13067,525,1183
13069,57,83
13071,86,97
13073,50,251
13075,24,42
13077,76,251
13079,12,34
13081,51,45
13083,Suppressed,49
13085,Suppressed,75
13087,36,62
13089,1542,1020
13091,24,52
13093,Suppressed,25
13095,161,153
13097,111,245
13099,18,25
13101,Suppressed,Suppressed
13103,29,108
13105,21,60
13107,34,52
13109,Suppressed,25
13111,15,81
13113,53,181
13115,90,263
13117,43,299
13119,23,76
13121,2209,1608
13123,19,91
13125,Suppressed,Suppressed
13127,104,175
13129,39,111
13131,29,54
13133,16,33
13135,613,1355
13137,19,92
13139,119,367
13141,17,15
13143,28,109
13145,17,70
13147,22,72
13149,Suppressed,36
13151,163,375
13153,111,295
13155,14,16
13157,45,148
13159,Suppressed,42
13161,18,32
13163,28,30
13165,17,14
13167,Suppressed,14
13169,19,69
13171,12,36
13173,12,13
13175,60,98
13177,13,65
13179,96,140
13181,14,16
13183,11,26
13185,114,210
13187,17,76
13189,35,58
13191,19,24
13193,18,26
13195,17,68
13197,Suppressed,15
13199,32,52
13201,Suppressed,10
13205,28,46
13207,29,66
13209,11,29
13211,10,37
13213,17,85
13215,353,399
13217,107,188
13219,Suppressed,59
13221,11,34
13223,73,281
13225,28,74
13227,18,79
13229,13,48
13231,14,50
13233,51,108
13235,13,35
13237,15,60
13239,Suppressed,Suppressed
13241,15,60
13243,13,17
13245,413,426
13247,81,147
13249,Suppressed,11
13251,26,18
13253,13,23
13255,74,150
13257,25,71
13259,14,Suppressed
13261,48,49
13263,16,12
13265,Suppressed,Suppressed
13267,33,61
13269,Suppressed,26
13271,21,28
13273,14,18
13275,36,98
13277,70,87
13279,40,59
13281,Suppressed,42
13283,Suppressed,16
13285,75,151
13287,14,16
13289,12,31
13291,17,79
13293,26,64
13295,51,147
13297,56,194
13299,53,80
13301,Suppressed,15
13303,24,37
13305,38,66
13307,Suppressed,Suppressed
13309,Suppressed,13
13311,18,74
13313,61,183
13315,11,24
13317,11,31
13319,Suppressed,24
13321,20,48
15001,94,485
15003,348,1720
15005,Suppressed,Suppressed
15007,28,169
15009,43,395
16001,117,1031
16003,Suppressed,13
16005,31,276
16007,Suppressed,31
16009,Suppressed,34
16011,20,148
16013,Suppressed,72
16015,Suppressed,29
16017,16,156
16019,39,306
16021,Suppressed,51
16023,Suppressed,Suppressed
16025,Suppressed,Suppressed
16027,90,478
16029,Suppressed,29
16031,13,56
16033,Suppressed,Suppressed
16035,Suppressed,35
16037,Suppressed,30
16039,Suppressed,80
16041,Suppressed,32
16043,Suppressed,32
16045,Suppressed,48
16047,Suppressed,39
16049,Suppressed,56
16051,Suppressed,69
16053,12,73
16055,46,456
16057,14,89
16059,Suppressed,47
16061,Suppressed,18
16063,Suppressed,18
16065,Suppressed,32
16067,10,60
16069,18,169
16071,Suppressed,10
16073,Suppressed,38
16075,11,66
16077,Suppressed,17
16079,Suppressed,65
16081,Suppressed,34
16083,28,249
16085,Suppressed,31
16087,Suppressed,23
17001,31,141
17003,17,17
17005,Suppressed,25
17007,20,75
17009,Suppressed,17
17011,Suppressed,84
17013,Suppressed,Suppressed
17015,Suppressed,37
17017,Suppressed,31
17019,101,311
17021,Suppressed,98
17023,Suppressed,45
17025,Suppressed,35
17027,Suppressed,68
17029,22,93
17031,11676,7265
17033,Suppressed,41
17035,Suppressed,26
17037,24,147
17039,Suppressed,27
17041,Suppressed,28
17043,231,1332
17045,Suppressed,61
17047,Suppressed,17
17049,15,54
17051,13,57
17053,Suppressed,23
17055,17,112
17057,Suppressed,92
17059,Suppressed,13
17061,Suppressed,22
17063,10,82
17065,Suppressed,13
17067,Suppressed,35
17069,Suppressed,Suppressed
17071,Suppressed,19
17073,16,111
17075,19,78
17077,27,111
17079,Suppressed,27
17081,26,93
17083,Suppressed,46
17085,Suppressed,51
17087,Suppressed,19
17089,267,673
17091,114,184
17093,38,143
17095,22,132
17097,318,1069
17099,36,249
17101,Suppressed,39
17103,12,85
17105,16,74
17107,11,55
17109,Suppressed,58
17111,65,501
17113,51,295
17115,119,215
17117,27,106
17119,199,612
17121,23,132
17123,Suppressed,29
17125,Suppressed,51
17127,12,48
17129,Suppressed,23
17131,Suppressed,30
17133,14,56
17135,11,93
17137,15,65
17139,Suppressed,35
17141,27,114
17143,264,364
17145,Suppressed,55
17147,Suppressed,22
17149,Suppressed,33
17151,Suppressed,11
17153,Suppressed,15
17155,Suppressed,19
17157,19,81
17159,Suppressed,33
17161,88,335
17163,666,510
17165,13,73
17167,196,414
17169,Suppressed,21
17171,Suppressed,13
17173,Suppressed,38
17175,Suppressed,17
17177,23,85
17179,57,292
17181,Suppressed,37
17183,90,177
17185,Suppressed,20
17187,Suppressed,43
17189,Suppressed,38
17191,Suppressed,48
17193,Suppressed,41
17195,19,129
17197,380,1001
17199,43,182
17201,352,579
17203,Suppressed,94
18001,Suppressed,49
18003,448,706
18005,28,175
18007,Suppressed,26
18009,Suppressed,32
18011,21,133
18013,Suppressed,46
18015,11,40
18017,17,91
18019,63,272
18021,Suppressed,77
18023,17,88
18025,Suppressed,31
18027,14,52
18029,17,118
18031,16,55
18033,15,109
18035,73,274
18037,Suppressed,107
18039,153,318
18041,Suppressed,72
18043,46,177
18045,Suppressed,49
18047,14,55
18049,Suppressed,48
18051,17,102
18053,40,172
18055,22,81
18057,48,400
18059,20,163
18061,19,85
18063,31,273
18065,27,134
18067,69,186
18069,10,70
18071,17,88
18073,13,69
18075,Suppressed,52
18077,Suppressed,109
18079,15,88
18081,51,261
18083,16,113
18085,25,150
18087,Suppressed,54
18089,1568,1014
18091,91,276
18093,25,110
18095,82,391
18097,2184,2161
18099,20,106
18101,Suppressed,29
18103,10,64
18105,57,271
18107,17,107
18109,32,193
18111,Suppressed,43
18113,Suppressed,100
18115,Suppressed,13
18117,13,61
18119,18,63
18121,Suppressed,60
18123,10,56
18125,Suppressed,40
18127,65,401
18129,12,78
18131,Suppressed,29
18133,19,103
18135,10,56
18137,Suppressed,53
18139,Suppressed,43
18141,321,590
18143,24,72
18145,18,120
18147,15,45
18149,15,71
18151,18,62
18153,14,83
18155,Suppressed,30
18157,63,290
18159,Suppressed,25
18161,Suppressed,14
18163,135,574
18165,Suppressed,48
18167,92,342
18169,Suppressed,62
18171,Suppressed,18
18173,18,126
18175,13,84
18177,42,169
18179,10,46
18181,Suppressed,53
18183,Suppressed,68
19001,Suppressed,22
19003,Suppressed,Suppressed
19005,Suppressed,37
19007,Suppressed,37
19009,Suppressed,21
19011,Suppressed,45
19013,66,229
19015,Suppressed,55
19017,Suppressed,45
19019,Suppressed,44
19021,Suppressed,31
19023,Suppressed,27
19025,Suppressed,19
19027,Suppressed,46
19029,Suppressed,43
19031,Suppressed,35
19033,20,114
19035,Suppressed,24
19037,Suppressed,30
19039,Suppressed,19
19041,Suppressed,43
19043,Suppressed,41
19045,11,134
19047,Suppressed,32
19049,13,105
19051,Suppressed,23
19053,Suppressed,17
19055,Suppressed,27
19057,26,106
19059,Suppressed,37
19061,22,195
19063,Suppressed,19
19065,Suppressed,56
19067,Suppressed,38
19069,Suppressed,23
19071,Suppressed,13
19073,Suppressed,26
19075,Suppressed,19
19077,Suppressed,34
19079,Suppressed,24
19081,Suppressed,26
19083,Suppressed,39
19085,Suppressed,35
19087,Suppressed,40
19089,Suppressed,19
19091,Suppressed,27
19093,Suppressed,10
19095,Suppressed,42
19097,Suppressed,61
19099,Suppressed,82
19101,Suppressed,55
19103,30,213
19105,Suppressed,49
19107,Suppressed,28
19109,Suppressed,20
19111,Suppressed,104
19113,76,439
19115,Suppressed,29
19117,Suppressed,22
19119,Suppressed,14
19121,Suppressed,33
19123,Suppressed,40
19125,Suppressed,68
19127,14,72
19129,Suppressed,30
19131,Suppressed,13
19133,Suppressed,29
19135,Suppressed,23
19137,Suppressed,25
19139,17,92
19141,Suppressed,29
19143,Suppressed,20
19145,Suppressed,38
19147,Suppressed,21
19149,10,48
19151,Suppressed,25
19153,237,960
19155,68,242
19157,Suppressed,35
19159,Suppressed,19
19161,Suppressed,28
19163,93,398
19165,Suppressed,18
19167,Suppressed,29
19169,18,128
19171,Suppressed,40
19173,Suppressed,11
19175,Suppressed,49
19177,Suppressed,20
19179,22,89
19181,Suppressed,107
19183,Suppressed,42
19185,Suppressed,15
19187,18,94
19189,Suppressed,18
19191,Suppressed,32
19193,46,218
19195,Suppressed,19
19197,Suppressed,32
20001,Suppressed,40
20003,Suppressed,25
20005,Suppressed,40
20007,Suppressed,22
20009,19,82
20011,10,39
20013,Suppressed,28
20015,21,157
20017,Suppressed,Suppressed
20019,Suppressed,14
20021,Suppressed,65
20023,Suppressed,Suppressed
20025,Suppressed,Suppressed
20027,Suppressed,31
20029,Suppressed,16
20031,Suppressed,13
20033,Suppressed,Suppressed
20035,19,98
20037,30,106
20039,Suppressed,10
20041,Suppressed,43
20043,Suppressed,17
20045,40,230
20047,Suppressed,Suppressed
20049,Suppressed,Suppressed
20051,Suppressed,81
20053,Suppressed,12
20055,28,67
20057,33,67
20059,Suppressed,73
20061,33,99
20063,Suppressed,10
20065,Suppressed,Suppressed
20067,Suppressed,14
20069,Suppressed,18
20071,Suppressed,Suppressed
20073,Suppressed,24
20075,Suppressed,10
20077,Suppressed,16
20079,Suppressed,80
20081,Suppressed,10
20083,Suppressed,Suppressed
20085,11,26
20087,Suppressed,47
20089,Suppressed,Suppressed
20091,169,1149
20093,Suppressed,13
20095,Suppressed,13
20097,Suppressed,Suppressed
20099,17,58
20101,Suppressed,Suppressed
20103,42,203
20105,Suppressed,16
20107,Suppressed,30
20109,Suppressed,Suppressed
20111,22,84
20113,Suppressed,64
20115,Suppressed,36
20117,Suppressed,21
20119,Suppressed,Suppressed
20121,13,97
20123,Suppressed,21
20125,23,94
20127,Suppressed,12
20129,Suppressed,Suppressed
20131,Suppressed,30
20133,Suppressed,37
20135,Suppressed,Suppressed
20137,Suppressed,17
20139,11,42
20141,Suppressed,11
20143,Suppressed,17
20145,Suppressed,26
20147,Suppressed,16
20149,Suppressed,56
20151,Suppressed,37
20153,Suppressed,10
20155,25,162
20157,Suppressed,17
20159,Suppressed,30
20161,22,123
20163,Suppressed,11
20165,Suppressed,16
20167,Suppressed,28
20169,34,131
20171,Suppressed,10
20173,491,1181
20175,11,37
20177,256,518
20179,Suppressed,Suppressed
20181,Suppressed,20
20183,Suppressed,10
20185,Suppressed,15
20187,Suppressed,Suppressed
20189,Suppressed,15
20191,10,68
20193,Suppressed,22
20195,Suppressed,13
20197,Suppressed,26
20199,Suppressed,Suppressed
20201,Suppressed,Suppressed
20203,Suppressed,Suppressed
20205,11,27
20207,Suppressed,12
20209,574,430
21001,15,53
21003,11,55
21005,14,58
21007,Suppressed,32
21009,28,102
21011,Suppressed,40
21013,32,87
21015,46,217
21017,17,49
21019,29,117
21021,21,70
21023,Suppressed,26
21025,19,50
21027,Suppressed,69
21029,34,175
21031,15,27
21033,11,43
21035,23,95
21037,39,183
21039,Suppressed,28
21041,Suppressed,39
21043,39,74
21045,16,50
21047,99,194
21049,31,99
21051,44,56
21053,Suppressed,30
21055,Suppressed,33
21057,Suppressed,33
21059,42,295
21061,Suppressed,30
21063,Suppressed,19
21065,25,45
21067,297,607
21069,11,38
21071,38,137
21073,31,114
21075,Suppressed,28
21077,Suppressed,29
21079,Suppressed,31
21081,15,72
21083,32,123
21085,20,108
21087,Suppressed,30
21089,20,65
21091,Suppressed,27
21093,61,237
21095,28,75
21097,Suppressed,60
21099,15,53
21101,29,135
21103,10,51
21105,Suppressed,23
21107,30,142
21109,14,37
21111,1180,1854
21113,22,83
21115,19,58
21117,109,403
21119,18,36
21121,31,82
21123,12,33
21125,64,162
21127,17,38
21129,14,30
21131,20,25
21133,27,73
21135,13,34
21137,14,61
21139,Suppressed,31
21141,17,75
21143,Suppressed,25
21145,56,231
21147,22,49
21149,Suppressed,24
21151,47,168
21153,12,34
21155,13,56
21157,Suppressed,142
21159,17,22
21161,Suppressed,26
21163,23,84
21165,Suppressed,21
21167,14,83
21169,10,32
21171,15,36
21173,23,67
21175,11,30
21177,27,87
21179,28,115
21181,Suppressed,23
21183,16,63
21185,12,103
21187,Suppressed,30
21189,11,23
21191,Suppressed,51
21193,41,75
21195,64,167
21197,22,36
21199,38,172
21201,Suppressed,Suppressed
21203,14,42
21205,10,50
21207,17,49
21209,18,97
21211,23,72
21213,12,48
21215,Suppressed,43
21217,26,70
21219,Suppressed,25
21221,10,40
21223,Suppressed,34
21225,Suppressed,51
21227,64,263
21229,Suppressed,30
21231,13,49
21233,10,44
21235,41,109
21237,10,33
21239,16,69
22001,76,163
22003,19,48
22005,121,192
22007,23,43
22009,41,138
22011,32,76
22013,12,18
22015,132,259
22017,670,520
22019,250,527
22021,Suppressed,28
22023,Suppressed,14
22025,14,15
22027,23,38
22029,47,42
22031,35,52
22033,1296,718
22035,32,15
22037,33,32
22039,39,134
22041,27,35
22043,24,56
22045,97,158
22047,59,48
22049,Suppressed,23
22051,1112,1042
22053,60,61
22055,237,461
22057,90,234
22059,Suppressed,37
22061,43,66
22063,111,350
22065,29,29
22067,60,58
22069,67,79
22071,3180,716
22073,242,288
22075,23,38
22077,37,65
22079,225,286
22081,14,13
22083,19,40
22085,24,61
22087,62,113
22089,64,115
22091,17,29
22093,34,19
22095,148,84
22097,126,240
22099,66,133
22101,74,104
22103,169,582
22105,203,270
22107,Suppressed,Suppressed
22109,159,234
22111,15,48
22113,64,125
22115,53,113
22117,86,97
22119,46,114
22121,39,43
22123,13,24
22125,14,26
22127,21,22
23001,39,244
23003,21,195
23005,80,630
23007,10,73
23009,17,133
23011,34,308
23013,12,132
23015,12,102
23017,19,153
23019,56,385
23021,13,61
23023,Suppressed,89
23025,20,155
23027,14,118
23029,Suppressed,110
23031,59,529
24001,29,175
24003,354,992
24005,904,1458
24009,42,186
24011,18,66
24013,50,348
24015,67,248
24017,118,284
24019,31,74
24021,91,409
24023,13,64
24025,129,479
24027,124,377
24029,Suppressed,56
24031,427,1129
24033,2141,982
24035,19,99
24037,46,193
24039,17,32
24041,13,83
24043,74,333
24045,101,186
24047,23,113
24510,4118,943
25001,42,457
25003,35,251
25005,233,851
25007,Suppressed,28
25009,264,1040
25011,13,130
25013,362,752
25015,17,230
25017,322,1906
25019,Suppressed,21
25021,123,872
25023,221,759
25025,985,758
25027,239,1184
26001,Suppressed,51
26003,Suppressed,30
26005,36,230
26007,Suppressed,86
26009,Suppressed,64
26011,Suppressed,56
26013,Suppressed,25
26015,15,168
26017,46,272
26019,Suppressed,38
26021,111,340
26023,16,112
26025,133,354
26027,25,145
26029,Suppressed,71
26031,Suppressed,73
26033,10,105
26035,10,99
26037,15,127
26039,Suppressed,47
26041,Suppressed,95
26043,10,82
26045,39,242
26047,Suppressed,71
26049,909,899
26051,Suppressed,68
26053,Suppressed,63
26055,18,211
26057,Suppressed,70
26059,13,110
26061,Suppressed,76
26063,Suppressed,97
26065,201,524
26067,15,165
26069,Suppressed,87
26071,Suppressed,49
26073,12,109
26075,105,398
26077,164,538
26079,Suppressed,43
26081,342,1035
26083,Suppressed,Suppressed
26085,10,47
26087,28,214
26089,Suppressed,33
26091,32,198
26093,37,377
26095,Suppressed,16
26097,Suppressed,44
26099,519,1866
26101,Suppressed,85
26103,22,169
26105,12,89
26107,Suppressed,94
26109,Suppressed,60
26111,18,177
26113,Suppressed,36
26115,44,349
26117,27,158
26119,Suppressed,32
26121,113,367
26123,16,131
26125,763,2398
26127,11,66
26129,Suppressed,76
26131,Suppressed,26
26133,Suppressed,53
26135,11,38
26137,Suppressed,64
26139,53,380
26141,Suppressed,44
26143,Suppressed,87
26145,353,376
26147,60,415
26149,19,144
26151,12,102
26153,Suppressed,33
26155,15,186
26157,12,144
26159,37,189
26161,169,531
26163,7037,3591
26165,17,90
27001,10,43
27003,96,667
27005,Suppressed,85
27007,52,138
27009,11,77
27011,Suppressed,13
27013,14,133
27015,Suppressed,46
27017,Suppressed,97
27019,16,134
27021,26,74
27023,Suppressed,22
27025,Suppressed,111
27027,12,117
27029,Suppressed,21
27031,Suppressed,10
27033,Suppressed,23
27035,19,154
27037,93,700
27039,Suppressed,51
27041,Suppressed,62
27043,Suppressed,22
27045,Suppressed,34
27047,Suppressed,67
27049,10,104
27051,Suppressed,10
27053,890,2086
27055,Suppressed,33
27057,12,52
27059,Suppressed,85
27061,12,125
27063,Suppressed,26
27065,Suppressed,35
27067,11,77
27069,Suppressed,15
27071,Suppressed,37
27073,Suppressed,16
27075,Suppressed,38
27077,Suppressed,13
27079,10,62
27081,Suppressed,Suppressed
27083,Suppressed,50
27085,Suppressed,66
27087,Suppressed,13
27089,Suppressed,12
27091,Suppressed,45
27093,Suppressed,62
27095,Suppressed,58
27097,13,87
27099,Suppressed,84
27101,Suppressed,20
27103,Suppressed,66
27105,Suppressed,30
27107,Suppressed,11
27109,36,251
27111,14,162
27113,Suppressed,36
27115,Suppressed,79
27117,Suppressed,22
27119,13,79
27121,Suppressed,20
27123,343,949
27125,Suppressed,13
27127,Suppressed,47
27129,Suppressed,41
27131,14,121
27133,Suppressed,19
27135,Suppressed,35
27137,69,551
27139,23,203
27141,11,202
27143,Suppressed,29
27145,42,278
27147,Suppressed,62
27149,Suppressed,14
27151,Suppressed,14
27153,11,56
27155,Suppressed,Suppressed
27157,Suppressed,41
27159,Suppressed,35
27161,Suppressed,33
27163,46,380
27165,Suppressed,29
27167,Suppressed,11
27169,12,93
27171,22,227
27173,Suppressed,28
28001,69,77
28003,45,103
28005,31,24
28007,47,41
28009,14,21
28011,111,54
28013,15,33
28015,10,25
28017,25,26
28019,12,19
28021,34,14
28023,16,35
28025,24,47
28027,155,48
28029,55,59
28031,33,46
28033,120,342
28035,117,158
28037,12,28
28039,36,56
28041,16,22
28043,76,48
28045,55,159
28047,288,611
28049,945,403
28051,76,34
28053,38,Suppressed
28055,Suppressed,Suppressed
28057,21,68
28059,184,388
28061,37,39
28063,18,14
28065,53,27
28067,97,145
28069,17,24
28071,35,80
28073,42,106
28075,154,156
28077,21,30
28079,47,48
28081,87,150
28083,114,44
28085,57,70
28087,78,128
28089,154,185
28091,76,54
28093,68,73
28095,39,68
28097,25,26
28099,38,65
28101,36,60
28103,26,Suppressed
28105,44,66
28107,66,96
28109,50,147
28111,19,23
28113,88,83
28115,17,73
28117,22,69
28119,27,15
28121,106,322
28123,77,56
28125,13,14
28127,39,75
28129,24,43
28131,19,51
28133,79,57
28135,37,30
28137,34,70
28139,27,64
28141,10,68
28143,42,17
28145,20,70
28147,36,43
28149,104,127
28151,228,75
28153,48,40
28155,10,24
28157,34,17
28159,24,49
28161,30,40
28163,75,65
29001,Suppressed,62
29003,Suppressed,29
29005,Suppressed,10
29007,Suppressed,80
29009,26,89
29011,Suppressed,35
29013,10,47
29015,16,72
29017,Suppressed,30
29019,83,311
29021,66,238
29023,34,140
29025,Suppressed,27
29027,34,133
29029,23,123
29031,43,168
29033,Suppressed,30
29035,Suppressed,20
29037,61,262
29039,Suppressed,51
29041,Suppressed,11
29043,28,165
29045,Suppressed,20
29047,136,584
29049,13,67
29051,48,185
29053,Suppressed,47
29055,13,77
29057,Suppressed,22
29059,13,57
29061,Suppressed,25
29063,Suppressed,32
29065,17,44
29067,Suppressed,47
29069,31,97
29071,54,329
29073,Suppressed,39
29075,Suppressed,22
29077,169,727
29079,Suppressed,20
29081,Suppressed,26
29083,14,69
29085,Suppressed,32
29087,Suppressed,11
29089,Suppressed,24
29091,27,140
29093,10,34
29095,1945,1807
29097,82,340
29099,98,625
29101,20,117
29103,Suppressed,10
29105,28,96
29107,15,65
29109,16,99
29111,Suppressed,18
29113,31,151
29115,Suppressed,38
29117,Suppressed,35
29119,25,63
29121,Suppressed,57
29123,Suppressed,35
29125,Suppressed,29
29127,11,66
29129,Suppressed,14
29131,13,59
29133,22,29
29135,11,23
29137,Suppressed,21
29139,Suppressed,41
29141,14,51
29143,26,44
29145,41,147
29147,Suppressed,50
29149,Suppressed,34
29151,Suppressed,39
29153,11,34
29155,37,58
29157,14,47
29159,20,101
29161,26,107
29163,Suppressed,53
29165,57,197
29167,19,84
29169,53,109
29171,Suppressed,17
29173,Suppressed,28
29175,16,81
29177,Suppressed,81
29179,Suppressed,23
29181,11,39
29183,106,706
29185,Suppressed,28
29186,10,48
29187,42,173
29189,1400,2114
29195,13,45
29197,Suppressed,17
29199,Suppressed,14
29201,40,106
29203,Suppressed,11
29205,Suppressed,11
29207,10,75
29209,16,98
29211,Suppressed,21
29213,32,129
29215,30,67
29217,13,61
29219,25,89
29221,17,61
29223,13,51
29225,10,110
29227,Suppressed,Suppressed
29229,13,55
29510,1885,751
30001,Suppressed,43
30003,20,36
30005,Suppressed,29
30007,Suppressed,21
30009,Suppressed,35
30011,Suppressed,Suppressed
30013,61,314
30015,Suppressed,22
30017,Suppressed,64
30019,Suppressed,Suppressed
30021,Suppressed,25
30023,13,61
30025,Suppressed,Suppressed
30027,Suppressed,45
30029,45,341
30031,20,270
30033,Suppressed,Suppressed
30035,19,42
30037,Suppressed,Suppressed
30039,Suppressed,15
30041,10,54
30043,Suppressed,37
30045,Suppressed,Suppressed
30047,22,130
30049,28,215
30051,Suppressed,Suppressed
30053,13,95
30055,Suppressed,Suppressed
30057,Suppressed,34
30059,Suppressed,11
30061,Suppressed,21
30063,42,406
30065,Suppressed,22
30067,Suppressed,87
30069,Suppressed,Suppressed
30071,Suppressed,15
30073,Suppressed,17
30075,Suppressed,Suppressed
30077,Suppressed,32
30079,Suppressed,Suppressed
30081,14,171
30083,Suppressed,36
30085,33,56
30087,15,46
30089,10,56
30091,Suppressed,17
30093,20,170
30095,Suppressed,37
30097,Suppressed,20
30099,Suppressed,18
30101,Suppressed,21
30103,Suppressed,Suppressed
30105,Suppressed,22
30107,Suppressed,Suppressed
30109,Suppressed,Suppressed
30111,86,499
31001,10,56
31003,Suppressed,13
31005,Suppressed,Suppressed
31007,Suppressed,Suppressed
31009,Suppressed,Suppressed
31011,Suppressed,Suppressed
31013,Suppressed,35
31015,Suppressed,Suppressed
31017,Suppressed,Suppressed
31019,Suppressed,89
31021,Suppressed,11
31023,Suppressed,19
31025,Suppressed,65
31027,Suppressed,17
31029,Suppressed,11
31031,Suppressed,13
31033,Suppressed,30
31035,Suppressed,11
31037,Suppressed,21
31039,Suppressed,Suppressed
31041,Suppressed,19
31043,14,34
31045,Suppressed,30
31047,13,51
31049,Suppressed,Suppressed
31051,Suppressed,13
31053,Suppressed,78
31055,645,939
31057,Suppressed,10
31059,Suppressed,11
31061,Suppressed,Suppressed
31063,Suppressed,Suppressed
31065,Suppressed,14
31067,Suppressed,70
31069,Suppressed,Suppressed
31071,Suppressed,Suppressed
31073,Suppressed,Suppressed
31075,Suppressed,Suppressed
31077,Suppressed,Suppressed
31079,22,115
31081,Suppressed,Suppressed
31083,Suppressed,Suppressed
31085,Suppressed,Suppressed
31087,Suppressed,Suppressed
31089,Suppressed,17
31091,Suppressed,Suppressed
31093,Suppressed,13
31095,Suppressed,23
31097,Suppressed,18
31099,Suppressed,13
31101,Suppressed,25
31103,Suppressed,Suppressed
31105,Suppressed,13
31107,Suppressed,21
31109,100,574
31111,23,102
31113,Suppressed,Suppressed
31115,Suppressed,Suppressed
31117,Suppressed,Suppressed
31119,18,70
31121,Suppressed,20
31123,Suppressed,12
31125,Suppressed,Suppressed
31127,Suppressed,15
31129,Suppressed,Suppressed
31131,Suppressed,30
31133,Suppressed,11
31135,Suppressed,Suppressed
31137,Suppressed,14
31139,Suppressed,12
31141,11,44
31143,Suppressed,Suppressed
31145,Suppressed,32
31147,Suppressed,18
31149,Suppressed,Suppressed
31151,Suppressed,27
31153,38,245
31155,10,52
31157,19,84
31159,Suppressed,31
31161,Suppressed,17
31163,Suppressed,Suppressed
31165,Suppressed,Suppressed
31167,Suppressed,Suppressed
31169,Suppressed,Suppressed
31171,Suppressed,Suppressed
31173,17,18
31175,Suppressed,Suppressed
31177,Suppressed,27
31179,Suppressed,11
31181,Suppressed,15
31183,Suppressed,Suppressed
31185,Suppressed,27
32001,12,111
32003,2475,5825
32005,16,173
32007,28,188
32009,Suppressed,Suppressed
32011,Suppressed,Suppressed
32013,25,86
32015,Suppressed,27
32017,Suppressed,24
32019,39,239
32021,Suppressed,27
32023,37,251
32027,Suppressed,30
32029,Suppressed,22
32031,343,1529
32033,19,55
32510,29,258
33001,14,173
33003,11,163
33005,13,189
33007,18,116
33009,29,202
33011,122,946
33013,30,360
33015,48,628
33017,24,262
33019,11,131
34001,298,501
34003,217,1132
34005,197,673
34007,824,895
34009,29,199
34011,190,228
34013,2194,761
34015,132,480
34017,557,602
34019,18,213
34021,418,418
34023,281,914
34025,192,865
34027,69,586
34029,141,930
34031,403,532
34033,46,127
34035,77,355
34037,27,277
34039,481,549
34041,35,181
35001,886,2179
35003,Suppressed,29
35005,162,230
35006,42,97
35007,18,69
35009,70,108
35011,Suppressed,13
35013,150,547
35015,76,199
35017,45,155
35019,Suppressed,12
35021,Suppressed,Suppressed
35023,Suppressed,26
35025,115,171
35027,20,89
35028,Suppressed,53
35029,35,100
35031,176,299
35033,Suppressed,29
35035,66,270
35037,24,40
35039,89,192
35041,14,44
35043,95,357
35045,173,445
35047,65,130
35049,137,530
35051,22,81
35053,22,78
35055,56,151
35057,20,71
35059,Suppressed,17
35061,123,240
36001,163,450
36003,Suppressed,118
36005,2434,1334
36007,94,369
36009,25,177
36011,20,136
36013,47,256
36015,32,170
36017,19,86
36019,20,176
36021,20,138
36023,10,76
36025,Suppressed,113
36027,134,451
36029,994,1468
36031,Suppressed,99
36033,Suppressed,111
36035,10,101
36037,Suppressed,104
36039,14,102
36041,Suppressed,18
36043,15,143
36045,38,228
36047,3725,2187
36049,Suppressed,68
36051,17,108
36053,14,150
36055,818,1059
36057,18,91
36059,521,1384
36061,1213,2224
36063,121,412
36065,143,398
36067,384,761
36069,28,197
36071,185,479
36073,18,76
36075,39,272
36077,Suppressed,123
36079,17,128
36081,1675,2343
36083,69,257
36085,312,502
36087,75,271
36089,35,201
36091,32,387
36093,118,268
36095,Suppressed,65
36097,Suppressed,38
36099,12,64
36101,23,206
36103,646,1982
36105,39,189
36107,Suppressed,81
36109,25,170
36111,58,323
36113,17,134
36115,17,147
36117,18,169
36119,442,984
36121,11,108
36123,Suppressed,46
37001,133,284
37003,33,128
37005,Suppressed,43
37007,60,55
37009,16,101
37011,12,62
37013,45,130
37015,30,34
37017,60,73
37019,98,257
37021,182,659
37023,77,291
37025,135,357
37027,79,243
37029,Suppressed,30
37031,36,230
37033,27,49
37035,160,441
37037,59,129
37039,20,92
37041,20,25
37043,Suppressed,34
37045,153,273
37047,150,123
37049,111,214
37051,601,718
37053,Suppressed,69
37055,18,95
37057,109,395
37059,24,115
37061,78,113
37063,527,403
37065,119,96
37067,377,688
37069,53,154
37071,222,583
37073,15,17
37075,15,28
37077,52,114
37079,24,32
37081,610,883
37083,112,113
37085,133,217
37087,31,197
37089,68,299
37091,31,40
37093,75,65
37095,Suppressed,Suppressed
37097,124,327
37099,22,107
37101,143,337
37103,12,19
37105,113,107
37107,113,130
37109,60,188
37111,44,127
37113,19,118
37115,17,61
37117,42,65
37119,1282,1446
37121,Suppressed,49
37123,42,61
37125,97,220
37127,170,188
37129,203,467
37131,41,42
37133,158,400
37135,71,249
37137,14,43
37139,37,68
37141,41,140
37143,14,30
37145,43,112
37147,211,265
37149,Suppressed,81
37151,108,399
37153,89,122
37155,525,262
37157,119,250
37159,158,389
37161,69,208
37163,106,122
37165,103,58
37167,58,175
37169,35,158
37171,68,234
37173,25,35
37175,18,103
37177,Suppressed,Suppressed
37179,127,326
37181,124,97
37183,506,1287
37185,37,36
37187,14,21
37189,19,117
37191,211,240
37193,67,201
37195,145,149
37197,25,108
37199,15,51
38001,Suppressed,Suppressed
38003,Suppressed,37
38005,Suppressed,35
38007,Suppressed,Suppressed
38009,Suppressed,16
38011,Suppressed,Suppressed
38013,Suppressed,15
38015,26,207
38017,28,302
38019,Suppressed,10
38021,Suppressed,Suppressed
38023,Suppressed,Suppressed
38025,Suppressed,Suppressed
38027,Suppressed,14
38029,Suppressed,14
38031,Suppressed,Suppressed
38033,Suppressed,Suppressed
38035,21,149
38037,Suppressed,Suppressed
38039,Suppressed,Suppressed
38041,Suppressed,Suppressed
38043,Suppressed,10
38045,Suppressed,12
38047,Suppressed,Suppressed
38049,Suppressed,18
38051,Suppressed,Suppressed
38053,Suppressed,28
38055,Suppressed,29
38057,Suppressed,30
38059,11,72
38061,Suppressed,28
38063,Suppressed,Suppressed
38065,Suppressed,Suppressed
38067,Suppressed,26
38069,Suppressed,Suppressed
38071,Suppressed,34
38073,Suppressed,Suppressed
38075,Suppressed,Suppressed
38077,Suppressed,26
38079,13,45
38081,Suppressed,10
38083,Suppressed,Suppressed
38085,14,45
38087,Suppressed,Suppressed
38089,Suppressed,78
38091,Suppressed,Suppressed
38093,Suppressed,53
38095,Suppressed,Suppressed
38097,Suppressed,11
38099,Suppressed,32
38101,19,162
38103,Suppressed,16
38105,Suppressed,75
39001,27,98
39003,86,196
39005,17,104
39007,76,280
39009,23,128
39011,Suppressed,86
39013,30,182
39015,23,130
39017,194,759
39019,Suppressed,65
39021,11,103
39023,134,338
39025,39,460
39027,14,80
39029,57,290
39031,15,87
39033,16,96
39035,2042,2569
39037,21,135
39039,12,62
39041,29,239
39043,32,158
39045,45,246
39047,14,62
39049,1730,2251
39051,12,83
39053,26,91
39055,18,176
39057,45,299
39059,22,120
39061,1347,1658
39063,23,133
39065,12,57
39067,Suppressed,34
39069,10,59
39071,27,126
39073,21,93
39075,Suppressed,44
39077,14,138
39079,21,92
39081,50,167
39083,28,95
39085,62,558
39087,45,124
39089,79,374
39091,24,101
39093,168,604
39095,465,963
39097,Suppressed,85
39099,469,545
39101,20,141
39103,34,281
39105,17,74
39107,11,65
39109,30,207
39111,Suppressed,45
39113,864,1329
39115,10,40
39117,15,57
39119,55,224
39121,11,33
39123,14,91
39125,Suppressed,34
39127,19,90
39129,21,111
39131,24,64
39133,47,303
39135,18,94
39137,Suppressed,55
39139,74,287
39141,48,209
39143,27,126
39145,87,152
39147,20,112
39149,20,90
39151,256,839
39153,501,1218
39155,212,582
39157,33,184
39159,Suppressed,91
39161,10,49
39163,Suppressed,31
39165,54,353
39167,19,131
39169,42,220
39171,Suppressed,89
39173,29,246
39175,Suppressed,51
40001,40,49
40003,Suppressed,Suppressed
40005,Suppressed,40
40007,Suppressed,21
40009,22,82
40011,Suppressed,32
40013,41,124
40015,38,92
40017,67,298
40019,62,148
40021,44,139
40023,30,53
40025,Suppressed,Suppressed
40027,101,549
40029,11,20
40031,177,302
40033,Suppressed,24
40035,15,50
40037,65,255
40039,18,61
40041,34,132
40043,Suppressed,18
40045,Suppressed,11
40047,34,176
40049,28,109
40051,39,144
40053,Suppressed,17
40055,11,15
40057,Suppressed,Suppressed
40059,Suppressed,Suppressed
40061,15,31
40063,19,37
40065,27,53
40067,Suppressed,24
40069,15,46
40071,36,132
40073,Suppressed,35
40075,13,34
40077,Suppressed,37
40079,63,161
40081,34,109
40083,25,85
40085,Suppressed,29
40087,22,85
40089,67,136
40091,32,79
40093,Suppressed,22
40095,Suppressed,50
40097,38,144
40099,10,56
40101,97,205
40103,Suppressed,23
40105,Suppressed,25
40107,22,27
40109,1199,2015
40111,49,131
40113,35,135
40115,23,129
40117,17,49
40119,33,157
40121,59,176
40123,43,92
40125,66,214
40127,14,48
40129,Suppressed,14
40131,35,199
40133,41,74
40135,44,122
40137,27,143
40139,15,44
40141,Suppressed,22
40143,978,1819
40145,60,191
40147,30,161
40149,Suppressed,32
40151,Suppressed,13
40153,11,54
41001,Suppressed,73
41003,14,176
41005,122,949
41007,13,137
41009,26,165
41011,41,303
41013,Suppressed,74
41015,Suppressed,158
41017,57,497
41019,78,423
41021,Suppressed,Suppressed
41023,Suppressed,36
41025,Suppressed,40
41027,10,41
41029,91,775
41031,30,60
41033,56,335
41035,60,280
41037,Suppressed,36
41039,178,1111
41041,20,216
41043,42,331
41045,22,88
41047,166,772
41049,Suppressed,22
41051,514,1968
41053,18,161
41055,Suppressed,Suppressed
41057,11,101
41059,65,210
41061,Suppressed,84
41063,Suppressed,29
41065,19,80
41067,137,1151
41069,Suppressed,Suppressed
41071,31,241
42001,25,218
42003,1662,2662
42005,29,176
42007,108,409
42009,17,148
42011,324,954
42013,54,296
42015,29,176
42017,176,1350
42019,45,383
42021,84,426
42023,Suppressed,19
42025,22,220
42027,26,248
42029,129,850
42031,Suppressed,101
42033,15,232
42035,10,77
42037,18,147
42039,53,229
42041,53,495
42043,271,522
42045,665,1202
42047,Suppressed,97
42049,145,647
42051,93,356
42053,Suppressed,21
42055,40,299
42057,Suppressed,46
42059,22,97
42061,13,122
42063,29,211
42065,12,129
42067,Suppressed,44
42069,72,560
42071,217,875
42073,63,219
42075,49,264
42077,241,811
42079,202,856
42081,60,253
42083,15,110
42085,55,260
42087,16,122
42089,87,413
42091,298,1565
42093,Suppressed,43
42095,132,622
42097,33,216
42099,17,115
42101,5610,2829
42103,18,144
42105,Suppressed,56
42107,65,476
42109,11,68
42111,31,182
42113,Suppressed,18
42115,14,120
42117,10,102
42119,19,73
42121,15,131
42123,18,88
42125,84,498
42127,26,178
42129,139,887
42131,11,75
42133,261,995
44001,Suppressed,89
44003,39,326
44005,19,148
44007,452,1016
44009,24,244
45001,35,60
45003,195,433
45005,30,Suppressed
45007,283,552
45009,28,23
45011,41,47
45013,151,312
45015,204,398
45017,21,45
45019,644,773
45021,73,151
45023,56,75
45025,61,114
45027,64,74
45029,92,96
45031,129,135
45033,71,56
45035,132,276
45037,37,49
45039,37,48
45041,185,248
45043,60,117
45045,512,1119
45047,85,132
45049,49,32
45051,332,693
45053,74,45
45055,62,141
45057,119,169
45059,95,164
45061,38,31
45063,231,654
45065,Suppressed,24
45067,69,64
45069,86,56
45071,34,97
45073,63,222
45075,232,160
45077,103,359
45079,626,677
45081,22,47
45083,370,697
45085,186,174
45087,38,80
45089,80,45
45091,187,459
46003,Suppressed,Suppressed
46005,Suppressed,44
46007,Suppressed,15
46009,Suppressed,14
46011,Suppressed,49
46013,11,68
46015,Suppressed,14
46017,Suppressed,27
46019,Suppressed,33
46021,Suppressed,Suppressed
46023,16,37
46025,Suppressed,Suppressed
46027,Suppressed,24
46029,Suppressed,66
46031,Suppressed,42
46033,Suppressed,24
46035,Suppressed,56
46037,Suppressed,Suppressed
46039,Suppressed,10
46041,15,41
46043,Suppressed,Suppressed
46045,Suppressed,Suppressed
46047,Suppressed,38
46049,Suppressed,Suppressed
46051,Suppressed,17
46053,Suppressed,12
46055,Suppressed,Suppressed
46057,Suppressed,Suppressed
46059,Suppressed,Suppressed
46061,Suppressed,Suppressed
46063,Suppressed,Suppressed
46065,Suppressed,50
46067,Suppressed,Suppressed
46069,Suppressed,Suppressed
46071,Suppressed,17
46073,Suppressed,Suppressed
46075,Suppressed,Suppressed
46077,Suppressed,15
46079,Suppressed,21
46081,Suppressed,78
46083,Suppressed,56
46085,Suppressed,11
46087,Suppressed,Suppressed
46089,Suppressed,Suppressed
46091,Suppressed,11
46093,16,86
46095,Suppressed,Suppressed
46097,Suppressed,Suppressed
46099,77,459
46101,Suppressed,15
46103,46,292
46105,Suppressed,Suppressed
46107,Suppressed,Suppressed
46109,14,40
46111,Suppressed,Suppressed
46113,52,81
46115,Suppressed,Suppressed
46117,Suppressed,15
46119,Suppressed,Suppressed
46121,30,94
46123,Suppressed,Suppressed
46125,Suppressed,11
46127,Suppressed,26
46129,Suppressed,12
46135,12,55
46137,Suppressed,Suppressed
47001,58,239
47003,39,123
47005,12,81
47007,14,30
47009,67,320
47011,80,216
47013,26,112
47015,11,42
47017,24,98
47019,27,144
47021,44,134
47023,17,39
47025,31,147
47027,12,26
47029,41,122
47031,45,196
47033,16,35
47035,51,191
47037,1233,1441
47039,11,34
47041,24,103
47043,42,145
47045,41,94
47047,42,80
47049,12,62
47051,23,133
47053,53,163
47055,19,112
47057,15,72
47059,55,190
47061,27,56
47063,40,203
47065,444,743
47067,11,36
47069,55,62
47071,27,84
47073,37,163
47075,27,36
47077,15,84
47079,32,159
47081,18,89
47083,10,26
47085,14,64
47087,15,59
47089,39,116
47091,14,74
47093,444,1099
47095,Suppressed,19
47097,44,73
47099,29,121
47101,15,56
47103,34,88
47105,14,109
47107,43,136
47109,24,90
47111,25,75
47113,174,209
47115,25,66
47117,16,106
47119,98,224
47121,14,32
47123,40,131
47125,188,401
47127,Suppressed,12
47129,25,71
47131,18,81
47133,13,64
47135,Suppressed,37
47137,Suppressed,21
47139,13,64
47141,50,181
47143,21,89
47145,49,189
47147,71,192
47149,161,519
47151,24,70
47153,Suppressed,41
47155,36,246
47157,2871,1616
47159,13,51
47161,Suppressed,67
47163,78,442
47165,90,405
47167,67,134
47169,Suppressed,36
47171,14,64
47173,11,76
47175,13,19
47177,32,111
47179,74,300
47181,19,53
47183,25,101
47185,24,89
47187,49,325
47189,72,271
48001,62,209
48003,Suppressed,35
48005,94,200
48007,31,97
48009,Suppressed,16
48011,Suppressed,Suppressed
48013,59,109
48015,22,85
48017,Suppressed,14
48019,Suppressed,67
48021,69,204
48023,Suppressed,Suppressed
48025,26,81
48027,304,641
48029,2125,3022
48031,Suppressed,32
48033,Suppressed,Suppressed
48035,Suppressed,53
48037,142,252
48039,198,647
48041,95,249
48043,Suppressed,30
48045,Suppressed,Suppressed
48047,11,21
48049,28,104
48051,14,47
48053,25,106
48055,22,83
48057,17,44
48059,14,40
48061,190,396
48063,Suppressed,29
48065,Suppressed,21
48067,34,88
48069,Suppressed,13
48071,31,74
48073,39,142
48075,Suppressed,19
48077,Suppressed,32
48079,Suppressed,14
48081,Suppressed,13
48083,Suppressed,20
48085,263,1179
48087,Suppressed,10
48089,20,46
48091,56,267
48093,Suppressed,28
48095,Suppressed,Suppressed
48097,34,117
48099,39,181
48101,Suppressed,Suppressed
48103,Suppressed,10
48105,Suppressed,10
48107,Suppressed,10
48109,Suppressed,Suppressed
48111,Suppressed,17
48113,3996,4101
48115,15,22
48117,Suppressed,35
48119,Suppressed,11
48121,211,1027
48123,Suppressed,49
48125,Suppressed,Suppressed
48127,Suppressed,20
48129,Suppressed,Suppressed
48131,15,27
48133,Suppressed,45
48135,132,298
48137,Suppressed,Suppressed
48139,112,253
48141,415,1062
48143,21,83
48145,15,44
48147,29,116
48149,19,59
48151,Suppressed,Suppressed
48153,Suppressed,12
48155,Suppressed,Suppressed
48157,385,738
48159,15,26
48161,19,65
48163,24,20
48165,Suppressed,32
48167,333,714
48169,Suppressed,Suppressed
48171,Suppressed,67
48173,Suppressed,Suppressed
48175,Suppressed,23
48177,20,47
48179,18,74
48181,88,344
48183,185,316
48185,22,64
48187,66,252
48189,15,54
48191,Suppressed,Suppressed
48193,Suppressed,31
48195,Suppressed,Suppressed
48197,Suppressed,Suppressed
48199,40,147
48201,6678,7035
48203,101,171
48205,Suppressed,10
48207,Suppressed,24
48209,66,285
48211,Suppressed,Suppressed
48213,61,261
48215,543,636
48217,21,105
48219,13,60
48221,25,138
48223,19,77
48225,22,61
48227,42,102
48229,Suppressed,Suppressed
48231,82,243
48233,12,60
48235,Suppressed,Suppressed
48237,Suppressed,18
48239,12,35
48241,27,94
48243,Suppressed,Suppressed
48245,416,544
48247,Suppressed,13
48249,57,86
48251,83,343
48253,13,80
48255,15,39
48257,92,240
48259,19,93
48261,Suppressed,Suppressed
48263,Suppressed,Suppressed
48265,41,178
48267,Suppressed,19
48269,Suppressed,Suppressed
48271,Suppressed,Suppressed
48273,23,45
48275,Suppressed,Suppressed
48277,55,146
48279,Suppressed,27
48281,Suppressed,51
48283,Suppressed,11
48285,10,41
48287,Suppressed,32
48289,12,56
48291,78,197
48293,26,64
48295,Suppressed,Suppressed
48297,11,32
48299,13,66
48301,Suppressed,Suppressed
48303,279,612
48305,Suppressed,15
48307,Suppressed,26
48309,251,445
48311,Suppressed,Suppressed
48313,16,37
48315,18,42
48317,Suppressed,Suppressed
48319,Suppressed,13
48321,47,79
48323,24,53
48325,35,87
48327,Suppressed,Suppressed
48329,92,292
48331,18,60
48333,Suppressed,Suppressed
48335,Suppressed,23
48337,16,76
48339,285,1067
48341,13,35
48343,13,42
48345,Suppressed,Suppressed
48347,55,133
48349,31,134
48351,22,41
48353,15,41
48355,371,674
48357,Suppressed,29
48359,Suppressed,Suppressed
48361,87,242
48363,30,99
48365,18,53
48367,58,298
48369,Suppressed,13
48371,Suppressed,26
48373,59,163
48375,190,359
48377,Suppressed,11
48379,12,33
48381,45,340
48383,Suppressed,10
48385,Suppressed,11
48387,Suppressed,45
48389,15,27
48391,Suppressed,11
48393,Suppressed,Suppressed
48395,23,41
48397,29,147
48399,Suppressed,21
48401,60,139
48403,12,36
48405,13,26
48407,38,78
48409,47,151
48411,Suppressed,13
48413,Suppressed,Suppressed
48415,13,34
48417,Suppressed,Suppressed
48419,40,63
48421,Suppressed,11
48423,180,524
48425,Suppressed,28
48427,78,75
48429,Suppressed,36
48431,Suppressed,Suppressed
48433,Suppressed,Suppressed
48435,Suppressed,11
48437,Suppressed,20
48439,1674,3222
48441,105,323
48443,Suppressed,Suppressed
48445,12,30
48447,Suppressed,Suppressed
48449,27,76
48451,73,263
48453,590,2042
48455,21,41
48457,21,75
48459,30,128
48461,Suppressed,Suppressed
48463,29,44
48465,30,61
48467,56,185
48469,89,224
48471,51,176
48473,53,96
48475,13,27
48477,26,59
48479,254,229
48481,26,79
48483,Suppressed,19
48485,116,356
48487,Suppressed,35
48489,Suppressed,19
48491,106,695
48493,31,91
48495,Suppressed,21
48497,25,127
48499,40,128
48501,Suppressed,14
48503,Suppressed,54
48505,12,14
48507,12,17
49001,Suppressed,26
49003,12,150
49005,19,217
49007,11,118
49009,Suppressed,Suppressed
49011,61,718
49013,Suppressed,73
49015,Suppressed,47
49017,Suppressed,16
49019,Suppressed,51
49021,17,134
49023,Suppressed,33
49025,Suppressed,32
49027,Suppressed,53
49029,Suppressed,18
49031,Suppressed,Suppressed
49033,Suppressed,Suppressed
49035,537,3157
49037,13,39
49039,14,98
49041,11,93
49043,Suppressed,79
49045,19,143
49047,20,129
49049,96,1032
49051,Suppressed,64
49053,35,434
49055,Suppressed,10
49057,106,800
50001,Suppressed,77
50003,12,101
50005,12,98
50007,45,340
50009,Suppressed,24
50011,14,127
50013,Suppressed,22
50015,15,67
50017,Suppressed,88
50019,11,82
50021,29,179
50023,12,165
50025,23,142
50027,18,162
51001,61,77
51003,32,178
51005,Suppressed,50
51007,10,44
51009,18,77
51011,17,39
51013,59,306
51015,40,219
51017,Suppressed,10
51019,25,184
51021,Suppressed,27
51023,16,90
51025,20,32
51027,40,114
51029,16,41
51031,42,134
51033,20,75
51035,20,116
51036,Suppressed,22
51037,13,33
51041,246,642
51043,Suppressed,40
51045,Suppressed,22
51047,16,118
51049,16,19
51051,15,82
51053,33,77
51057,10,33
51059,337,1549
51061,31,172
51063,Suppressed,40
51065,10,43
51067,41,133
51069,33,179
51071,Suppressed,49
51073,17,123
51075,12,52
51077,13,61
51079,Suppressed,43
51081,Suppressed,18
51083,45,94
51085,52,240
51087,296,607
51089,93,222
51091,Suppressed,12
51093,25,75
51095,25,122
51097,Suppressed,25
51099,10,65
51101,12,48
51103,Suppressed,33
51105,27,93
51107,55,454
51109,21,88
51111,12,36
51113,12,39
51115,Suppressed,27
51117,36,88
51119,Suppressed,35
51121,36,164
51125,12,50
51127,Suppressed,54
51131,18,29
51133,Suppressed,27
51135,12,41
51137,17,94
51139,12,85
51141,13,87
51143,53,191
51145,14,70
51147,21,47
51149,21,97
51153,196,572
51155,20,125
51157,Suppressed,28
51159,Suppressed,26
51161,38,246
51163,Suppressed,61
51165,19,155
51167,20,112
51169,15,90
51171,13,123
51173,19,93
51175,20,34
51177,40,246
51179,60,220
51181,10,12
51183,12,27
51185,38,161
51187,Suppressed,118
51191,35,186
51193,13,47
51195,28,143
51197,14,90
51199,24,115
51510,91,217
51515,Suppressed,16
51520,11,46
51530,Suppressed,12
51540,45,72
51550,240,397
51560,Suppressed,Suppressed
51570,18,45
51580,10,23
51590,130,127
51595,16,10
51600,14,59
51610,Suppressed,22
51620,Suppressed,18
51630,19,58
51640,11,25
51650,237,242
51660,14,67
51670,51,55
51678,Suppressed,13
51680,63,129
51683,29,60
51685,Suppressed,17
51690,33,43
51700,387,334
51710,612,474
51720,Suppressed,11
51730,145,66
51735,Suppressed,19
51740,267,217
51750,Suppressed,33
51760,960,424
51770,170,289
51775,13,79
51790,19,69
51800,93,143
51810,326,912
51820,13,70
51830,Suppressed,37
51840,14,77
53001,Suppressed,30
53003,Suppressed,82
53005,76,392
53007,37,179
53009,33,298
53011,188,1097
53013,Suppressed,16
53015,55,284
53017,17,83
53019,Suppressed,35
53021,57,106
53023,Suppressed,Suppressed
53025,65,159
53027,45,237
53029,20,195
53031,11,100
53033,1089,4046
53035,81,631
53037,Suppressed,89
53039,Suppressed,67
53041,39,239
53043,Suppressed,31
53045,46,175
53047,35,149
53049,12,90
53051,Suppressed,45
53053,574,2107
53055,Suppressed,46
53057,60,301
53059,Suppressed,51
53061,270,1617
53063,285,1340
53065,36,155
53067,87,658
53069,Suppressed,24
53071,18,162
53073,74,493
53075,Suppressed,57
53077,299,532
54001,13,38
54003,65,261
54005,25,69
54007,Suppressed,35
54009,15,76
54011,102,243
54013,Suppressed,29
54015,13,32
54017,Suppressed,26
54019,58,138
54021,Suppressed,22
54023,Suppressed,38
54025,20,120
54027,16,61
54029,13,85
54031,15,43
54033,61,185
54035,23,69
54037,25,110
54039,240,608
54041,19,48
54043,16,67
54045,51,104
54047,61,105
54049,39,142
54051,15,95
54053,15,69
54055,99,249
54057,13,87
54059,30,65
54061,35,174
54063,Suppressed,33
54065,10,54
54067,27,91
54069,15,110
54071,Suppressed,23
54073,Suppressed,21
54075,10,36
54077,26,95
54079,20,128
54081,100,256
54083,11,84
54085,Suppressed,33
54087,14,48
54089,20,49
54091,Suppressed,37
54093,Suppressed,26
54095,Suppressed,31
54097,12,74
54099,44,97
54101,11,20
54103,Suppressed,54
54105,Suppressed,16
54107,46,221
54109,36,77
55001,Suppressed,75
55003,Suppressed,42
55005,16,99
55007,Suppressed,43
55009,83,584
55011,Suppressed,35
55013,Suppressed,44
55015,Suppressed,87
55017,Suppressed,177
55019,Suppressed,71
55021,19,168
55023,Suppressed,45
55025,133,1011
55027,16,208
55029,Suppressed,84
55031,17,119
55033,Suppressed,87
55035,22,233
55037,Suppressed,Suppressed
55039,Suppressed,257
55041,10,27
55043,Suppressed,111
55045,Suppressed,85
55047,Suppressed,54
55049,Suppressed,55
55051,Suppressed,17
55053,12,59
55055,16,181
55057,Suppressed,77
55059,82,404
55061,Suppressed,34
55063,26,261
55065,10,40
55067,Suppressed,58
55069,Suppressed,93
55071,14,212
55073,39,322
55075,14,126
55077,Suppressed,55
55078,Suppressed,17
55079,2075,1858
55081,10,116
55083,15,96
55085,10,88
55087,35,395
55089,14,159
55091,Suppressed,18
55093,Suppressed,68
55095,11,128
55097,21,154
55099,Suppressed,46
55101,113,457
55103,Suppressed,30
55105,80,388
55107,Suppressed,38
55109,19,159
55111,13,163
55113,20,53
55115,Suppressed,113
55117,18,286
55119,Suppressed,52
55121,Suppressed,78
55123,Suppressed,70
55125,Suppressed,65
55127,28,230
55129,Suppressed,45
55131,31,261
55133,65,722
55135,Suppressed,120
55137,Suppressed,56
55139,33,401
55141,19,186
56001,12,94
56003,Suppressed,38
56005,14,145
56007,Suppressed,73
56009,Suppressed,55
56011,Suppressed,29
56013,68,202
56015,Suppressed,36
56017,Suppressed,18
56019,Suppressed,29
56021,47,319
56023,Suppressed,52
56025,54,316
56027,Suppressed,10
56029,10,116
56031,Suppressed,37
56033,14,133
56035,Suppressed,36
56037,23,179
56039,Suppressed,52
56041,Suppressed,71
56043,Suppressed,25
56045,Suppressed,26
